Data,Otwarcie,Najwyzszy,Najnizszy,Zamkniecie,Wolumen
1998-01-02,1000,1000,1000,1000,664842
1998-01-09,1019.3,1019.3,964.7,964.7,3321009
1998-01-16,910,925.6,908.6,915,3478537
1998-01-23,940.9,940.9,912.8,917,3383172
1998-01-30,923.8,966.5,919.6,966.5,4739465
1998-02-06,987.3,1051.3,987.3,1051.3,7371854
1998-02-13,1077.2,1084.8,1061.2,1061.2,7887653
1998-02-20,1053.5,1118.8,1053.5,1112.9,6131889
1998-02-27,1123.6,1147.3,1111.3,1147.3,6915439
1998-03-06,1149.9,1163.1,1096.4,1105.7,5299340
1998-03-13,1133.2,1195.3,1133.2,1194,6618741
1998-03-20,1179.4,1179.4,1156.7,1156.7,5319765
1998-03-27,1153.9,1153.9,1118.4,1118.4,4233289
1998-04-03,1116.8,1116.8,1102,1102,2807520
1998-04-10,1105.3,1131.2,1105.3,1105.8,3032629
1998-04-17,1115.6,1123.1,1111.6,1111.6,3223811
1998-04-24,1103.7,1125.6,1089.9,1125.6,5175026
1998-05-01,1140.6,1140.6,1108.1,1127.4,4138352
1998-05-08,1140.3,1140.3,1104.3,1104.3,5810047
1998-05-15,1110.8,1110.8,1047.3,1047.3,4832297
1998-05-22,1048,1049.9,1009.3,1044.7,4774655
1998-05-29,1021.1,1021.1,930.3,939.7,4514611
1998-06-05,894,951.9,863.8,931.9,7066993
1998-06-12,897.7,897.7,897.7,897.7,884432
1998-06-19,854.1,920,847.8,887.8,5507117
1998-06-26,893,921.8,886.6,921.8,5888610
1998-07-03,930.4,955.3,930.4,955.3,3422517
1998-07-10,963.6,972.6,945.6,945.6,5207965
1998-07-17,962.2,1028.2,962.2,1028.2,6071778
1998-07-24,1017.8,1027.8,979.4,984.2,5358231
1998-07-31,976,976,946.7,959.9,4381776
1998-08-07,924.5,924.5,899.2,899.8,3885182
1998-08-14,900.1,900.1,844,847.5,4168363
1998-08-21,822.3,868.3,822.3,830.8,4775606
1998-08-28,813.3,813.6,664.9,664.9,5406618
1998-09-04,664.2,674,622.8,673.8,6942747
1998-09-11,707,753.2,703.2,703.2,6450601
1998-09-18,730.8,730.8,694,694,4943582
1998-09-25,676,736.2,671.1,708.5,5261687
1998-10-02,721.7,722.1,648.3,665.5,4708588
1998-10-09,659,663,617.6,624.9,4291420
1998-10-16,643.2,648.2,618.4,646.6,4333917
1998-10-23,646.6,704.1,643.3,702.6,4516409
1998-10-30,696.5,716.8,684.7,716.8,5395848
1998-11-06,738.9,769.2,738.4,754.8,5705461
1998-11-13,761,767.6,744.8,766.2,3781002
1998-11-20,781.1,795,730.9,744.2,7163723
1998-11-27,750.5,750.5,726.8,737.9,6366109
1998-12-04,723.9,734.3,699.9,733.1,6829442
1998-12-11,745.1,748.1,726.4,727,6906790
1998-12-18,717.1,735.3,716.9,734.9,4663331
1998-12-25,738.4,774,738.2,773.4,3184745
1999-01-01,789.8,800.2,773.1,787.4,4402482
1999-01-08,795.2,877.2,795.2,875.2,9942644
1999-01-15,864.8,864.8,750.5,780.9,10417206
1999-01-22,809.3,846.6,800.3,802.5,8990434
1999-01-29,782,853.4,782,850.8,6894774
1999-02-05,850.2,870.4,834,840.2,7804156
1999-02-12,841.6,848.9,817.1,841.2,7382382
1999-02-19,837.9,850.5,834.3,839,9677590
1999-02-26,840.7,841.9,792.2,804.5,8265154
1999-03-05,804.6,804.6,782.8,803.8,7075036
1999-03-12,808.5,844,808.5,843,9488195
1999-03-19,844.2,851.9,823.6,851.9,10461649
1999-03-26,847.6,861.8,799.6,823.6,12847440
1999-04-02,827.1,851.5,819.9,850.7,9763887
1999-04-09,858.1,877.8,850.1,855.8,8043292
1999-04-16,855.4,856.2,834.6,845.7,5982918
1999-04-23,858.7,881.4,854.8,864.7,7957427
1999-04-30,867.8,880.9,858.9,875.1,6407471
1999-05-07,890.3,890.3,862.2,875.2,4982436
1999-05-14,868.6,870.1,848.2,850.4,5740444
1999-05-21,853.2,911.7,853.2,909.7,6008783
1999-05-28,913.8,929.4,900.8,915.3,5255914
1999-06-04,918.8,928.2,912.4,926.3,2864643
1999-06-11,938.1,1003.7,937,1003.7,7045003
1999-06-18,1007.5,1024.7,994.9,1003.5,7362409
1999-06-25,999.1,1004.5,978,992.8,8350347
1999-07-02,991.2,1050.3,987,1047.8,6306937
1999-07-09,1055.6,1061.3,1028.4,1043.1,6575412
1999-07-16,1047.9,1051.7,1017.1,1018.4,6281345
1999-07-23,1016.9,1026.6,987.4,1026.6,4117427
1999-07-30,1020.7,1035.1,993.3,1030.9,4370344
1999-08-06,1028.1,1033.3,986.2,989.7,3715936
1999-08-13,985.7,1012.8,966.6,1012.4,3578287
1999-08-20,1010.4,1013.6,995.4,1010.3,3207735
1999-08-27,1017.4,1039,1017.1,1039,4607502
1999-09-03,1037.2,1041.2,1010.3,1027.9,4014970
1999-09-10,1032.1,1032.1,998.3,999.8,3848623
1999-09-17,996.4,996.4,926.2,946.4,4926367
1999-09-24,948.1,948.1,860.6,862.9,4987381
1999-10-01,868.5,874.1,845.5,865.9,4429602
1999-10-08,877,911.4,874.5,907.8,4354085
1999-10-15,904.1,908.5,876.8,879.1,5040445
1999-10-22,875.3,916.2,875.3,915.6,4962452
1999-10-29,918.2,918.2,896,912.1,3270014
1999-11-05,912.5,913.9,875.2,885.2,4172599
1999-11-12,879.1,880,874.6,877.5,2709695
1999-11-19,878.4,946.6,878.2,945.3,5432181
1999-11-26,955.4,982.1,946.2,967.6,9090435
1999-12-03,951.4,985.6,943.1,969.9,9004122
1999-12-10,972.5,1023.7,969.4,1018.1,9814820
1999-12-17,1016.1,1043,1010.6,1041.4,8754759
1999-12-24,1048.8,1113.8,1048.8,1113.7,7801891
1999-12-31,1122,1131.7,1091.3,1114.8,4251073
2000-01-07,1134.4,1152.1,1060.1,1147.8,9745166
2000-01-14,1171.9,1197.7,1150.5,1177.9,13461525
2000-01-21,1176.2,1202.5,1151.1,1193.9,10404820
2000-01-28,1193.7,1195.6,1127.7,1164.3,7782306
2000-02-04,1152.3,1276.2,1152.3,1246.5,9329613
2000-02-11,1239.9,1249.2,1150.8,1166,10450004
2000-02-18,1148.9,1205.5,1147.9,1187.6,9850765
2000-02-25,1149.9,1171.9,1087.7,1089.5,10885887
2000-03-03,1056.4,1141.9,1042.2,1141.9,10651915
2000-03-10,1156.8,1158.2,1115.2,1141.8,7279290
2000-03-17,1124.2,1148.3,1083.1,1132.1,8635439
2000-03-24,1135.1,1201.9,1135.1,1200.3,6928000
2000-03-31,1210.1,1224.2,1177.5,1185.1,6635105
2000-04-07,1190.7,1190.7,1142.9,1185.8,5312183
2000-04-14,1181.5,1181.5,1140.2,1147,4646607
2000-04-21,1060.4,1103.7,1051.8,1101.1,4400300
2000-04-28,1096.9,1122.9,1091.6,1120.7,2924282
2000-05-05,1115.3,1119.4,1103.7,1107.3,1220717
2000-05-12,1106.4,1116.2,1098,1102.9,3790616
2000-05-19,1105.4,1136.3,1101.3,1110.2,5020468
2000-05-26,1105.9,1105.9,1047.9,1049.6,4324059
2000-06-02,1047.2,1111.7,1047.2,1107.7,4818444
2000-06-09,1104.5,1104.5,1071.2,1087.4,4196137
2000-06-16,1087.2,1115.7,1086.4,1108,4097442
2000-06-23,1109.1,1120.3,1099.9,1112,2757046
2000-06-30,1116.7,1122.3,1106.3,1107.1,3870789
2000-07-07,1107.2,1136,1107.2,1135.2,4159250
2000-07-14,1148.1,1155.4,1140.7,1144.1,5421322
2000-07-21,1137,1152.4,1137,1150.6,5013983
2000-07-28,1145.9,1149,1101,1102,4114362
2000-08-04,1102.7,1104,1080,1090.4,3514756
2000-08-11,1096.4,1099.4,1082.8,1086.6,3773928
2000-08-18,1081.9,1084.5,1063.9,1067.6,2590848
2000-08-25,1062.5,1073.6,1057.2,1069.6,3500270
2000-09-01,1065.2,1065.2,1051.2,1056.1,3220932
2000-09-08,1062,1063.6,1031.2,1033.7,3493068
2000-09-15,1029.9,1030.7,1017.1,1028.8,2945770
2000-09-22,1018.5,1021.5,969.7,977.5,3317935
2000-09-29,982.2,986.5,944.9,960.1,3270671
2000-10-06,949.7,959,943.5,949.9,2855504
2000-10-13,938.3,938.3,867.9,875.6,3532409
2000-10-20,906.8,939.9,894.8,936.4,4453143
2000-10-27,935.2,943.5,926,932.5,3581438
2000-11-03,928.6,967.1,922.7,962.5,4262315
2000-11-10,969.4,979.8,944.3,948.3,7623857
2000-11-17,936,950,930,946.12,4715531
2000-11-24,950.47,964.31,936.08,964.31,4550805
2000-12-01,969.45,977.62,948.04,960.44,5908648
2000-12-08,951.31,967.77,938.58,957.14,5889811
2000-12-15,951.14,992.42,950.76,988.87,9407665
2000-12-22,977.91,1009.18,977.32,1004.6,7805794
2000-12-29,1003.93,1012.13,994.03,1004.68,3401436
2001-01-05,997.86,1000.22,980.01,991.98,5933590
2001-01-12,978.6,986.49,968.67,985.73,6802952
2001-01-19,982.13,1004.63,974.47,1004.17,7066943
2001-01-26,999.73,1014.86,994.26,1010.58,4425836
2001-02-02,1001.78,1031.65,1001.78,1031.65,4835889
2001-02-09,1025.82,1025.82,979.63,991.71,5230701
2001-02-16,987.49,998.25,978.66,987.3,4575436
2001-02-23,982.96,982.96,943.42,961.08,5027940
2001-03-02,965.59,970.26,924.72,932.97,5095785
2001-03-09,927.19,940.52,914.73,926.45,3831660
2001-03-16,909.13,909.24,866,899.02,5714522
2001-03-23,895.99,937.61,892.15,935.46,6049922
2001-03-30,935.02,945.18,927.15,944.89,4521072
2001-04-06,937.77,945.63,922.02,945.63,2667199
2001-04-13,939.25,979.06,938.49,978.95,3680271
2001-04-20,967.17,993.63,962.84,993.63,2764759
2001-04-27,983.05,995.86,978.04,987.89,4372282
2001-05-04,984.29,986.71,966.33,971.66,2394361
2001-05-11,966.86,970.93,944.62,958.1,3780406
2001-05-18,954.47,966.56,952.32,966.56,4264532
2001-05-25,964.04,981.6,964.04,981.6,4044700
2001-06-01,982.77,987.97,974.48,987.97,2609044
2001-06-08,984.2,986.29,970.62,971.98,3313525
2001-06-15,958.86,966.71,945.3,950.72,2043093
2001-06-22,945.04,949.34,931.67,949.34,3273705
2001-06-29,944.3,953.16,934.23,944.9,3859897
2001-07-06,941.87,943.49,909.87,927.95,2694393
2001-07-13,921.34,921.34,889.12,909.5,1638657
2001-07-20,910.33,914.96,890.32,895.25,1828155
2001-07-27,889.03,895.08,871.59,886.88,3714780
2001-08-03,885.47,890.69,874.15,887.86,1912832
2001-08-10,881.36,884.36,857.2,863.35,2216803
2001-08-17,859.46,863.48,844.13,856.13,1000646
2001-08-24,849.65,873.28,848.2,873.28,1288355
2001-08-31,872.18,891.95,869.66,891.95,2653611
2001-09-07,882.5,901.99,882.5,901.91,2367225
2001-09-14,902.52,904.77,859.49,889.85,2825131
2001-09-21,870.67,887.86,868,883.66,3139964
2001-09-28,877.82,889.84,867.55,889.84,2461045
2001-10-05,884.55,885.63,863.35,871.91,2802981
2001-10-12,866.63,895.71,857.87,891.78,3767855
2001-10-19,883.91,917.9,881.1,907.26,3994428
2001-10-26,904.42,957.05,904.1,957.05,3093641
2001-11-02,953.69,957.09,939.43,955.5,2053600
2001-11-09,949.74,951.43,926.01,944.09,2786139
2001-11-16,942.17,971.18,939.5,971.18,6490222
2001-11-23,968.3,978.19,960.56,971.24,10013821
2001-11-30,970.43,984.44,967.9,979.25,5286426
2001-12-07,973.05,993.93,969,993.93,5583035
2001-12-14,987.66,996.29,969.71,974.69,3306476
2001-12-21,972.51,999.53,972.51,997.75,3068614
2001-12-28,997.52,1009.06,994.27,1009.06,858140
2002-01-04,1006.9,1050.5,1002.55,1045.69,13086982
2002-01-11,1039.69,1089.15,1028.76,1072.27,26978721
2002-01-18,1063.54,1079.67,1058.08,1074.96,13218102
2002-01-25,1069.84,1104.29,1066.32,1104.29,20570211
2002-02-01,1099.69,1105.82,1077.05,1091.03,14613985
2002-02-08,1082.81,1084.09,1065.04,1076.85,10778103
2002-02-15,1079.23,1087.69,1062.18,1071.81,13026725
2002-02-22,1063.12,1066.5,1049.56,1056.95,6325635
2002-03-01,1057,1065.31,1054.61,1064.23,9789786
2002-03-08,1063.21,1067.44,1054.58,1062.02,6921300
2002-03-15,1058.76,1062.46,1046.17,1062.46,4319327
2002-03-22,1056.52,1057.48,1035.41,1053.31,6696696
2002-03-29,1054.75,1054.75,1025.19,1031.53,6475226
2002-04-05,1029.72,1029.72,1001.8,1015.74,8885616
2002-04-12,1014.4,1016.2,992.62,1003.84,10191026
2002-04-19,998.68,1008.93,989.59,1002.99,10960399
2002-04-26,992.82,1011.58,991.27,1011.58,6548782
2002-05-03,1009.61,1018.77,1008.99,1018.48,2239069
2002-05-10,1012.6,1016.58,995.32,1011.33,3531693
2002-05-17,1010.78,1035.15,1003.34,1029.69,5720147
2002-05-24,1028.42,1053.7,1027.99,1053.7,13439179
2002-05-31,1052.06,1066.16,1045.62,1066.16,8103632
2002-06-07,1068.36,1070.11,1034.42,1043.22,5854894
2002-06-14,1040.61,1044.04,1016.06,1022.05,4609041
2002-06-21,1020.62,1025.85,998.32,1009.05,4678373
2002-06-28,1009.29,1010.25,976.58,981.2,6861307
2002-07-05,971.34,982.74,944.98,961.25,7707507
2002-07-12,961.22,962.72,932.7,935.74,7710284
2002-07-19,922.14,923.55,886.04,893.55,9345310
2002-07-26,877.51,883.5,851.54,868.43,8109378
2002-08-02,865.37,889.9,859.02,884.41,6641193
2002-08-09,879.2,895.58,869.32,884.73,7887767
2002-08-16,883.07,887.07,874.02,881.36,4592610
2002-08-23,877.22,897.14,871.94,897.08,8752160
2002-08-30,892.57,904.5,888.34,901.77,13414748
2002-09-06,895.52,903.13,869.73,888.5,8098299
2002-09-13,884.66,902.93,878.09,896.73,14181226
2002-09-20,884.77,903.7,884.77,903.7,8958611
2002-09-27,903.27,904.94,877.68,883.29,8465293
2002-10-04,867.81,868.78,848.82,859.44,9114520
2002-10-11,857.53,863.39,843.37,861.72,3593247
2002-10-18,862.09,875.81,857.32,875.22,9789324
2002-10-25,876.61,881.8,871.29,881.8,3503085
2002-11-01,877.44,916.04,877.4,908.02,7841101
2002-11-08,911.68,915.65,893.15,902.99,5322372
2002-11-15,898.89,909.3,894.99,906.22,2317277
2002-11-22,903.88,931.89,900.24,931.89,4244120
2002-11-29,932.3,942.37,924.96,942.37,3348544
2002-12-06,937.11,955.06,934.31,948.82,7196101
2002-12-13,945.89,954.69,940.85,952.06,3275372
2002-12-20,952.18,956.3,933.19,942.61,4277425
2002-12-27,940.64,949.65,936.27,949.35,1210143
2003-01-03,948.45,957.15,942.23,951.37,6291603
2003-01-10,953.21,967.83,945.94,960.59,5637820
2003-01-17,962.42,971.84,941.51,948.97,4926622
2003-01-24,943.27,944.7,920.97,926,1584093
2003-01-31,915.17,915.85,893.91,904.21,1397639
2003-02-07,905.25,916.98,895.25,907.73,1170195
2003-02-14,904.58,910.7,891.21,898.32,3175790
2003-02-21,905.59,907.72,887.99,900.59,2011311
2003-02-28,900.41,905.42,887.33,901.25,1833813
2003-03-07,898.07,898.96,887.52,891.44,927581
2003-03-14,891.44,909.39,889.24,902.56,2582843
2003-03-21,896.34,909.25,883.42,909.25,2046758
2003-03-28,910.87,915.59,901.36,907.23,1832213
2003-04-04,900.11,922.48,893.18,919.82,1364192
2003-04-11,927.09,948.22,926.74,936.21,2471816
2003-04-18,934.48,934.48,913.94,925.13,956779
2003-04-25,920.07,928.7,912.68,925.93,801642
2003-05-02,928.34,934.13,916.27,932.78,1681736
2003-05-09,933.53,959.51,931.65,959.51,2357621
2003-05-16,961.25,968.94,955.35,965.18,3662658
2003-05-23,956.67,964.82,941.53,964.48,2390933
2003-05-30,964.99,976.87,957.35,976.87,1906524
2003-06-06,980.42,984.9,969.72,974.77,1317384
2003-06-13,972.6,972.6,945.38,961.48,1099842
2003-06-20,955.99,985.98,953.35,985.17,1047292
2003-06-27,986.3,990.35,971.38,990.35,986437
2003-07-04,988.88,1009.38,984.02,1009.38,932700
2003-07-11,1012.04,1038.28,1011.78,1037.82,2628836
2003-07-18,1040.39,1074.91,1040.39,1074.67,1652321
2003-07-25,1088.5,1092.03,1073.41,1092.03,3201293
2003-08-01,1098.39,1128.25,1094.61,1106.84,2995744
2003-08-08,1105.83,1173.76,1098.81,1154.77,2277387
2003-08-15,1159.69,1209.81,1153.55,1208.37,2823094
2003-08-22,1225.63,1282.28,1221.87,1271.52,9296503
2003-08-29,1263.06,1330.72,1256.33,1303.6,13187470
2003-09-05,1317.63,1322.45,1245.57,1247.46,5799175
2003-09-12,1250.64,1273.39,1244.28,1261.01,4621584
2003-09-19,1259.39,1275.87,1249.02,1265.82,3737065
2003-09-26,1261.51,1262.59,1222.55,1237.82,2914157
2003-10-03,1234.48,1234.48,1171.11,1210.26,1811211
2003-10-10,1210.94,1258.96,1210.94,1254.14,9833696
2003-10-17,1258.31,1291.53,1255.87,1279,12845867
2003-10-24,1277.65,1282.44,1232.59,1248.12,5049780
2003-10-31,1249.62,1263.19,1229.91,1258.12,3572990
2003-11-07,1260.8,1269.17,1243.63,1261.52,3460557
2003-11-14,1254.36,1255.47,1240.12,1248.08,2578394
2003-11-21,1237.26,1237.44,1151.78,1178.56,6234447
2003-11-28,1187.71,1204.46,1170.94,1198.23,6679626
2003-12-05,1197.49,1228.7,1179.23,1199.75,5244743
2003-12-12,1198.49,1246.05,1196.34,1240.96,5860043
2003-12-19,1249.44,1250.53,1227.95,1243.28,3714193
2003-12-26,1247.6,1265.88,1241.49,1264.08,3071997
2004-01-02,1266.54,1281.99,1256.98,1281.99,1453461
2004-01-09,1287.02,1337.25,1286.89,1322.16,6150862
2004-01-16,1321.22,1391.37,1316.66,1380.8,27363819
2004-01-23,1382.6,1444.33,1380.08,1443.33,19372476
2004-01-30,1444.79,1461.31,1378.28,1421.67,31100612
2004-02-06,1426.23,1505.45,1425.59,1502.42,16703198
2004-02-13,1516.53,1547.07,1516.53,1533.8,23119757
2004-02-20,1530.42,1556.53,1519.94,1550.77,27699040
2004-02-27,1555.48,1564.63,1507.95,1564.63,34122603
2004-03-05,1573.88,1637.41,1555.48,1632.54,39236152
2004-03-12,1642.68,1666.51,1624.32,1666.51,76125796
2004-03-19,1671.36,1671.36,1604.51,1624.58,41517179
2004-03-26,1611.2,1669.35,1604.75,1661.18,29096459
2004-04-02,1666.98,1719.84,1663.67,1719.84,24664000
2004-04-09,1718.69,1719.6,1703.37,1718.67,13136582
2004-04-16,1730.66,1778.27,1730.66,1778.27,27233936
2004-04-23,1785.48,1827.19,1773.73,1805.62,56685579
2004-04-30,1801.26,1828.3,1773.81,1810.51,29950647
2004-05-07,1820.38,1824.1,1742.19,1749.59,16289748
2004-05-14,1702.07,1702.07,1641.82,1682.39,29522581
2004-05-21,1669.82,1724.89,1665.76,1711.83,17083724
2004-05-28,1713.03,1720.72,1675.9,1720.72,10612176
2004-06-04,1731.03,1747.28,1723.65,1727.63,28954845
2004-06-11,1730.99,1735.47,1679.77,1696.03,22354331
2004-06-18,1686.27,1687.24,1616.26,1632.78,14504612
2004-06-25,1634.1,1678.8,1631.16,1676.68,14473519
2004-07-02,1681.54,1695.24,1673,1682.77,11609811
2004-07-09,1677.78,1689.03,1673.16,1689.03,11488200
2004-07-16,1692.13,1693.98,1638.57,1667.11,16876466
2004-07-23,1675.22,1707.36,1667.55,1704,11924906
2004-07-30,1706.42,1720.82,1684.93,1691.11,8768187
2004-08-06,1687.41,1716.93,1683.35,1703.17,8226373
2004-08-13,1698.03,1702.02,1665.95,1683.34,7611650
2004-08-20,1677.12,1720.64,1674.87,1720.64,11224829
2004-08-27,1728.01,1728.01,1709.5,1727.19,5943103
2004-09-03,1729.85,1750.2,1725.67,1747.1,10249933
2004-09-10,1750.92,1776.74,1748.18,1773.96,11159507
2004-09-17,1776.52,1780.21,1757.05,1774.71,9996806
2004-09-24,1770.6,1772.59,1737.13,1742.52,13352136
2004-10-01,1744.8,1771.73,1741.17,1770.93,8657700
2004-10-08,1775.05,1780.53,1719.31,1725.57,11676044
2004-10-15,1715.71,1725.27,1702.37,1708.37,10102524
2004-10-22,1706.74,1706.74,1664.47,1669.65,11713738
2004-10-29,1648.66,1706.26,1640.46,1705.9,8285590
2004-11-05,1720.34,1734.71,1698.56,1709.44,7800563
2004-11-12,1722.6,1730.82,1704.78,1712.71,6457974
2004-11-19,1717.8,1718.63,1689.48,1700.85,8489521
2004-11-26,1694.9,1695.1,1635.73,1677.67,8268958
2004-12-03,1682.61,1720.08,1680.06,1710.06,8075331
2004-12-10,1713.71,1713.81,1691.69,1697.17,13210094
2004-12-17,1700.53,1705.7,1685.55,1703.16,18961627
2004-12-24,1702.93,1727.94,1699.26,1717.84,16905500
2004-12-31,1715.39,1730.46,1693.06,1730.1,12297786
2005-01-07,1731.12,1739.07,1685.07,1697.54,13596032
2005-01-14,1697.03,1701.29,1677.24,1692.97,17756621
2005-01-21,1695.93,1699.09,1644.31,1654.57,14417451
2005-01-28,1645.2,1690.61,1639.67,1690.61,16681574
2005-02-04,1694.14,1733.23,1692.99,1733.23,22438239
2005-02-11,1734.57,1735.09,1707.43,1707.43,17045643
2005-02-18,1711.3,1742.43,1706.41,1736.2,18660660
2005-02-25,1733.84,1763,1722.02,1763,19599496
2005-03-04,1773.58,1775.7,1730.09,1744.78,23268845
2005-03-11,1757.59,1764.57,1744.7,1748.07,14082465
2005-03-18,1744.68,1745.4,1684.97,1693.58,15428481
2005-03-25,1692.12,1702.02,1665.62,1700.2,10193144
2005-04-01,1705.57,1736.16,1703.55,1733.41,8208610
2005-04-08,1731.25,1736.83,1716.79,1734.27,10076278
2005-04-15,1737.02,1737.53,1688.06,1694.72,7463712
2005-04-22,1675.36,1675.36,1648.14,1667.45,10310717
2005-04-29,1668.67,1673.3,1627.78,1649,6192388
2005-05-06,1655.58,1669.65,1649.39,1659.13,5693021
2005-05-13,1658.01,1670.2,1643.94,1645.93,8292318
2005-05-20,1630.62,1650.04,1614.67,1649.8,8623466
2005-05-27,1652.75,1687.23,1644.4,1687.23,7492031
2005-06-03,1689.41,1695.82,1671.24,1693.87,6819230
2005-06-10,1694.8,1735,1692.67,1724.5,12251671
2005-06-17,1726.4,1752.06,1713.43,1749.24,9953413
2005-06-24,1748.71,1763.81,1745.23,1762.8,11289330
2005-07-01,1756.2,1778.39,1748.65,1778.39,9400606
2005-07-08,1783.62,1792.6,1759.74,1792.6,12982263
2005-07-15,1793.18,1799.79,1786.4,1798.02,10528748
2005-07-22,1798.83,1803.89,1766.83,1778.88,9815381
2005-07-29,1778.73,1819.22,1777.71,1819.22,11030165
2005-08-05,1814.88,1842.91,1811.1,1842.91,14199548
2005-08-12,1840.06,1862.71,1833.21,1843.69,15324348
2005-08-19,1843.52,1856.5,1839.12,1848.55,11931445
2005-08-26,1850.62,1853.84,1830.15,1851.73,10569066
2005-09-02,1850.99,1867.3,1843.99,1858.05,15390364
2005-09-09,1852.49,1863.24,1848.42,1861.01,8927241
2005-09-16,1864.57,1883.24,1860.58,1883.24,17554962
2005-09-23,1884.32,1916.74,1880.47,1886.96,23219180
2005-09-30,1885.12,1904.6,1874.09,1903.36,13257624
2005-10-07,1909.92,1912.27,1854.37,1875.87,17168539
2005-10-14,1881.95,1922.67,1859.76,1878.52,15588132
2005-10-21,1882.3,1935.45,1881.68,1935.45,19117194
2005-10-28,1914.57,1938.68,1900.18,1933.63,16657299
2005-11-04,1949.09,1987.98,1947.34,1982.56,14886312
2005-11-11,1981.84,2010.12,1962.65,2010.12,10713592
2005-11-18,2018.07,2042.71,2012.86,2034.19,18875402
2005-11-25,2039,2044.38,2002.57,2009.6,28578379
2005-12-02,2009.04,2068.4,2009.04,2067.7,17376451
2005-12-09,2074.75,2092.38,2060.59,2079.02,21238134
2005-12-16,2080.55,2107.05,2073.92,2101.24,17146306
2005-12-23,2109.4,2181.17,2103.65,2181.17,45871039
2005-12-30,2179.5,2223.02,2171.2,2207.74,34145445
2006-01-06,2202.86,2329.12,2194.63,2326.02,81427253
2006-01-13,2331.43,2486.06,2331.09,2476.76,62415970
2006-01-20,2471.11,2711.39,2470.25,2675.02,76077879
2006-01-27,2623.94,2711.67,2622.74,2709.44,42740276
2006-02-03,2740.51,2740.51,2530.73,2561.1,53721507
2006-02-10,2546.96,2667.48,2541.72,2616.59,28409301
2006-02-17,2616.53,2634.75,2586.37,2633.4,33415335
2006-02-24,2647.77,2708.43,2636.93,2707.47,25540745
2006-03-03,2731.45,2735,2652.27,2695.29,35168708
2006-03-10,2702.68,2710.7,2546.76,2565.02,37015749
2006-03-17,2555.01,2695.99,2547.39,2679.67,25633443
2006-03-24,2680.72,2739.27,2664.9,2737.54,37591320
2006-03-31,2742.27,2782.74,2697.96,2780.59,39957941
2006-04-07,2791.49,2919.03,2775.96,2919.03,84190903
2006-04-14,2933.7,2933.89,2823.25,2849.77,30628905
2006-04-21,2857.02,2944.99,2852.14,2944.99,52955498
2006-04-28,2954.2,2959.89,2894.63,2933.91,53452229
2006-05-05,2935.22,2977.79,2931.72,2956.68,40544124
2006-05-12,2957.65,3013.65,2942.69,3000.85,43494425
2006-05-19,2986.87,2986.87,2879.31,2905.36,55424305
2006-05-26,2914.35,2916.05,2540.39,2700.56,53571055
2006-06-02,2723.83,2730.36,2598.31,2714.3,25174818
2006-06-09,2732.03,2752.38,2625.33,2634.04,20652206
2006-06-16,2608.7,2615.89,2340.4,2492.13,25003928
2006-06-23,2491.29,2617,2486.51,2553.03,28813847
2006-06-30,2549.97,2677.94,2536.62,2661.38,34148945
2006-07-07,2662.13,2748.42,2639.72,2748.42,25199917
2006-07-14,2702.78,2777.15,2684.41,2740.32,20301101
2006-07-21,2739.96,2828.04,2712.64,2820.56,30477850
2006-07-28,2826.85,2949.09,2820.75,2944.25,32532031
2006-08-04,2963.38,2974.11,2851.25,2885.64,22721909
2006-08-11,2886.94,2950.93,2858.91,2899.41,27432547
2006-08-18,2894.26,2920.45,2861.37,2883,18142955
2006-08-25,2881.51,2923.39,2875.96,2894.23,31207495
2006-09-01,2884.04,2940.97,2871.62,2932.54,30373267
2006-09-08,2933.83,3018.96,2928.88,3013.15,44947711
2006-09-15,3028.8,3060.9,2995.79,3058.99,55067021
2006-09-22,3060.65,3151.79,3054.56,3151.79,40537458
2006-09-29,3153.27,3255.83,3147.1,3213.56,64405645
2006-10-06,3229.76,3311.03,3192.31,3282.77,28593828
2006-10-13,3294.22,3421,3281.44,3410.95,54798179
2006-10-20,3427.45,3516.67,3397.35,3504.35,47613814
2006-10-27,3530.87,3657.95,3524.47,3606.47,51615055
2006-11-03,3580,3602.3,3512.25,3602.3,41124919
2006-11-10,3609.29,3696.6,3594.44,3664.39,96220293
2006-11-17,3655.03,3679.83,3609.24,3649.63,95679620
2006-11-24,3645.88,3798.63,3623.57,3798.63,43336629
2006-12-01,3804.14,3944.13,3754.99,3926.59,83018257
2006-12-08,3925.1,3958.38,3858.89,3924.84,54191340
2006-12-15,3924.14,3927.2,3613.18,3749.98,74371273
2006-12-22,3753.48,3782.27,3556.37,3628.34,48818284
2006-12-29,3665.91,3758.39,3664.8,3733.26,13301705
2007-01-05,3711.55,3753.43,3645.64,3667.4,16515366
2007-01-12,3646.28,3915.56,3618.66,3901.28,36258169
2007-01-19,3922.18,4144.78,3919.13,4115.09,75198160
2007-01-26,4138.24,4145.38,4033.08,4111.53,49378293
2007-02-02,4134.94,4315.43,4116.19,4315.43,54238968
2007-02-09,4314.82,4358.91,4098.44,4226.22,49473040
2007-02-16,4213.5,4376.03,4176.38,4376.03,61110670
2007-02-23,4391.44,4459.64,4359.19,4452.05,61740143
2007-03-02,4462.43,4478.31,4043.02,4189.86,54996104
2007-03-09,4061.22,4320.36,4004.89,4292.57,53130174
2007-03-16,4304.96,4398.62,4186.5,4390.59,57872780
2007-03-23,4413.11,4673.04,4410.61,4673.04,98864924
2007-03-30,4672.16,4728.59,4604.21,4728.59,67070687
2007-04-06,4718.56,4782.14,4658.6,4781.39,73224398
2007-04-13,4800.23,4870.17,4727.42,4803.66,60384692
2007-04-20,4840.35,5007.5,4784.77,4989.91,72583341
2007-04-27,5055.51,5063.48,4886.16,4909.88,53650773
2007-05-04,4912.45,5126.6,4861.93,5117.11,16585523
2007-05-11,5125.19,5125.19,4785.39,5008.87,37838628
2007-05-18,5089.59,5194.57,5059.5,5194.57,42374211
2007-05-25,5254.21,5423.01,5238.03,5409.29,54208891
2007-06-01,5432.5,5673.54,5399.84,5660.64,49248813
2007-06-08,5686.3,5693.07,5412.44,5462.34,31734856
2007-06-15,5533.82,5643.18,5495.01,5580.02,37248727
2007-06-22,5605.38,5663.83,5565.23,5654.91,37463302
2007-06-29,5658.57,5736.31,5624.19,5684.46,60410500
2007-07-06,5667.11,5684.46,5599.87,5640.3,37777722
2007-07-13,5646.88,5653.08,5321.43,5368.75,46959238
2007-07-20,5363.44,5363.44,5094.65,5249.61,41735876
2007-07-27,5267.21,5318.56,4931.03,5023.4,37152137
2007-08-03,5029.04,5081.24,4911.76,4933.46,26310098
2007-08-10,4847.48,4950.63,4498.77,4549.89,44977789
2007-08-17,4581.84,4669.96,4099.13,4363.32,56214865
2007-08-24,4495.97,4675.72,4231.85,4661.34,67800263
2007-08-31,4723.28,4800.27,4537.67,4772.5,54637950
2007-09-07,4798.42,4845.63,4615.8,4668.83,33883247
2007-09-14,4580.1,4639.39,4540.32,4555.35,26354261
2007-09-21,4557.08,4732.02,4514.05,4706.25,36397938
2007-09-28,4712.55,4715.65,4546.43,4568.14,88070263
2007-10-05,4549.76,4625.46,4472.73,4625.46,77450550
2007-10-12,4648.28,4836.41,4632.06,4836.41,43801484
2007-10-19,4858.59,4890.41,4733.78,4806.99,47699774
2007-10-26,4755.4,4776.13,4674.73,4686.85,36697649
2007-11-02,4700.1,4736.31,4577.87,4597.72,34680544
2007-11-09,4606.06,4613.18,4180.17,4257.47,58512755
2007-11-16,4219.16,4281.3,3774.29,3967.31,76482517
2007-11-23,3994.49,4002.04,3669.13,3961.85,113128107
2007-11-30,4003.73,4094.34,3854.58,4094.34,77568587
2007-12-07,4120.06,4217.28,4060.95,4192.25,84724591
2007-12-14,4200.79,4205.87,4029.75,4067.78,101631036
2007-12-21,4037.48,4037.48,3920.49,4008.4,98910654
2007-12-28,4039.51,4085.82,4024.54,4028.37,69273269
2008-01-04,4039.31,4078.3,3977.18,3977.18,73652227
2008-01-11,3937.8,3938.34,3421.5,3421.5,353164481
2008-01-18,3393.39,3393.39,3073.77,3193.51,332918840
2008-01-25,3140.99,3383.54,2896.68,3325.81,238683865
2008-02-01,3268.15,3459.97,3239.64,3459.97,287172731
2008-02-08,3490.59,3514.79,3287.76,3390.37,108184001
2008-02-15,3397.72,3568.3,3391.43,3499.08,119134483
2008-02-22,3504.28,3522.63,3422.62,3442.97,93177861
2008-02-29,3455.51,3478.37,3323.31,3330.06,64898040
2008-03-07,3275.6,3275.6,3146.92,3197.19,81312760
2008-03-14,3191.22,3343.67,3183.39,3266.93,95816523
2008-03-21,3220,3276.19,3167.26,3250.21,107758931
2008-03-28,3289.87,3375.31,3289.87,3352.87,58390945
2008-04-04,3349.17,3413.87,3329.41,3409.42,66105894
2008-04-11,3421.63,3429.55,3366.73,3382.21,40718663
2008-04-18,3360.11,3365.29,3274.59,3289.12,61618101
2008-04-25,3307.67,3309.77,3138.78,3208.86,84673067
2008-05-02,3225.18,3228.58,3183.78,3216.87,22111191
2008-05-09,3234.3,3308.39,3234.3,3242.25,27890402
2008-05-16,3248.95,3256.02,3159.13,3196.42,42777742
2008-05-23,3187.68,3202.38,3122.95,3137.1,62242720
2008-05-30,3142.67,3175.65,3102.7,3131.05,26747319
2008-06-06,3126.55,3133.31,3058.7,3058.7,46563447
2008-06-13,3027.77,3028.58,2870.11,2895.25,46894909
2008-06-20,2918.05,2920.38,2819.65,2825.94,35780498
2008-06-27,2837.68,2843,2666.33,2686.08,30201526
2008-07-04,2698.29,2701.37,2443.19,2456.27,43916448
2008-07-11,2445.93,2449.96,2342.95,2354.41,44714635
2008-07-18,2355.28,2364.88,2213.1,2324.03,61314327
2008-07-25,2330.96,2478.47,2327.66,2441.03,42622392
2008-08-01,2444.9,2519.29,2424.54,2495.88,154193137
2008-08-08,2499.88,2521.74,2430.24,2444.56,70151927
2008-08-15,2461.85,2490.63,2449.9,2459.71,43254701
2008-08-22,2450.44,2451.47,2372.56,2409.39,44430325
2008-08-29,2413.36,2423.99,2346.52,2397.19,43404360
2008-09-05,2396.7,2558.11,2392.98,2507.28,49165547
2008-09-12,2519.44,2554.05,2437.56,2443.41,31298687
2008-09-19,2431.2,2431.2,2216.23,2369.35,62613391
2008-09-26,2387.56,2390.47,2299.56,2335.28,34364478
2008-10-03,2334.72,2334.79,2169.8,2209.04,54154436
2008-10-10,2181.36,2181.36,1776.32,1813.53,93740431
2008-10-17,1880.05,1991.2,1707.91,1742.46,76351145
2008-10-24,1781.09,1786.53,1525.7,1540.37,67457308
2008-10-31,1528.78,1660.08,1479.3,1623.72,73032701
2008-11-07,1636.68,1708.04,1619.69,1634.45,78366302
2008-11-14,1654.04,1658.44,1548.23,1595.86,34446050
2008-11-21,1590.76,1591.38,1474.84,1525.08,69182200
2008-11-28,1552.67,1615.67,1539.77,1561.37,104680852
2008-12-05,1561.55,1573.34,1486.9,1557,53307737
2008-12-12,1583.62,1630.34,1571.9,1579.11,83831136
2008-12-19,1591.33,1604.18,1523.58,1535.02,54282009
2008-12-26,1538.95,1544.34,1513.46,1518.07,25369252
2009-01-02,1521.96,1531.14,1511.27,1511.27,29802937
2009-01-09,1534.94,1595.09,1530.58,1550.28,61060915
2009-01-16,1551.7,1552.8,1446.22,1453.87,46040953
2009-01-23,1457.85,1460.24,1345.81,1365.92,34329782
2009-01-30,1365,1389.96,1357.56,1365.63,46285769
2009-02-06,1365.03,1365.55,1314.68,1355.63,39454245
2009-02-13,1366.67,1386.85,1356.92,1366.83,53249386
2009-02-20,1362.58,1363.57,1226.22,1249.8,78066389
2009-02-27,1271.67,1272.26,1221.7,1243.6,57151968
2009-03-06,1233.99,1293.67,1231.38,1290.75,124081603
2009-03-13,1292.29,1305.07,1263.72,1298.55,101135293
2009-03-20,1305.58,1325.37,1298.05,1321.19,83201864
2009-03-27,1330.74,1422.38,1330.74,1394.84,140856153
2009-04-03,1381.46,1471.08,1355.24,1457.33,65567551
2009-04-10,1473.84,1549.56,1452.45,1544.67,86453548
2009-04-17,1554.71,1601.47,1553.66,1573.56,90021922
2009-04-24,1570.88,1629.5,1517.05,1627.04,63063507
2009-05-01,1620.71,1684.97,1589.67,1684.97,50891273
2009-05-08,1697.84,1749.62,1692.56,1703.84,110909883
2009-05-15,1710.63,1765.08,1678.52,1728.97,56249719
2009-05-22,1724.38,1778.13,1717.78,1731.53,68852049
2009-05-29,1739.55,1758.57,1699.19,1742.43,48757751
2009-06-05,1756.49,1816.97,1756.22,1803.8,62122660
2009-06-12,1807.3,1838.29,1774.85,1834.97,26160772
2009-06-19,1836.06,1836.06,1770.88,1787.76,34706180
2009-06-26,1792.3,1793.46,1709.14,1753.46,41587166
2009-07-03,1752.85,1793.89,1748.58,1781.81,53279277
2009-07-10,1782.59,1782.73,1740.26,1753.57,37933975
2009-07-17,1744.36,1840.56,1733.36,1820.56,36761828
2009-07-24,1834.77,1901.17,1834.46,1898.71,56351722
2009-07-31,1909.97,2046.46,1909.97,2042.28,65210228
2009-08-07,2051.35,2106.76,2051.35,2100.36,69892588
2009-08-14,2125.05,2217.35,2108.1,2195.7,43508823
2009-08-21,2181.25,2300.22,2145.82,2300.22,43086077
2009-08-28,2323.65,2356.21,2300.37,2329.81,50476615
2009-09-04,2323.11,2337.41,2133.01,2209.43,49776410
2009-09-11,2221.43,2280.81,2199.3,2215.18,61390520
2009-09-18,2205.72,2244.95,2164.07,2244.95,36942679
2009-09-25,2238.61,2292.15,2217.72,2269.37,35310631
2009-10-02,2260.19,2274.94,2210.66,2213.72,30071984
2009-10-09,2219.29,2262.51,2205.57,2237.46,21992314
2009-10-16,2248.46,2249.68,2203.67,2203.67,27664507
2009-10-23,2209.22,2298.84,2203.3,2295.81,61584903
2009-10-30,2297.92,2298.28,2191.97,2236.94,51674556
2009-11-06,2226.93,2239.54,2198.75,2225.23,53604099
2009-11-13,2230.21,2299.46,2229.8,2287.49,64319494
2009-11-20,2297.42,2330.74,2243.46,2270.29,62273931
2009-11-27,2264.72,2319.41,2218.38,2258.09,61331071
2009-12-04,2268.52,2341.61,2259.92,2338.5,49348950
2009-12-11,2334.41,2336.18,2293.25,2315.79,56720652
2009-12-18,2321.8,2371.69,2319.2,2351.95,39892910
2009-12-25,2351.75,2377.95,2346.96,2350.73,44935505
2010-01-01,2356.69,2373.74,2346.14,2346.14,46453811
2010-01-08,2347.43,2413.07,2347.26,2404.13,66995375
2010-01-15,2408.34,2427.8,2389.78,2407.02,55904577
2010-01-22,2422.21,2423.77,2337.23,2355.55,79444551
2010-01-29,2347.69,2350.77,2303.64,2314.08,54749477
2010-02-05,2311.82,2334.55,2198.86,2222.49,57968491
2010-02-12,2226.48,2266.21,2205.08,2264.11,55450080
2010-02-19,2265.99,2325.36,2262.53,2320.08,54197634
2010-02-26,2336.04,2343.96,2284.03,2304.8,51922056
2010-03-05,2322.71,2363.15,2318.53,2363.15,90981202
2010-03-12,2378.11,2460.18,2352.54,2447.36,97280777
2010-03-19,2452.54,2473.94,2419.95,2439.35,192897722
2010-03-26,2433.81,2501.29,2425.23,2479.68,100600940
2010-04-02,2480.51,2518.8,2479.14,2507.08,63303964
2010-04-09,2512.21,2545,2475.02,2527.27,76821416
2010-04-16,2507.43,2583.48,2507.14,2550.09,126340677
2010-04-23,2513.88,2553.96,2471.99,2520.33,89120158
2010-04-30,2533.03,2553.68,2479.78,2548.37,53479731
2010-05-07,2555.88,2567.03,2357.99,2368.66,54874375
2010-05-14,2404.74,2496.47,2403.58,2458.36,55063315
2010-05-21,2441.17,2484.03,2333.82,2367.43,76518413
2010-05-28,2392.61,2477.35,2355.24,2462.5,82236278
2010-06-04,2466.67,2475.67,2423.22,2435.84,46741901
2010-06-11,2411.98,2442.83,2394.08,2420.05,47665013
2010-06-18,2422.07,2454.24,2409.81,2430.77,77349132
2010-06-25,2435.83,2444.46,2392.67,2407.67,93829077
2010-07-02,2420.07,2422.42,2344.04,2377.46,89840620
2010-07-09,2381.77,2427.53,2376.99,2409.78,53579732
2010-07-16,2414.93,2448.44,2407.16,2440.31,49785089
2010-07-23,2425.65,2485.43,2414.66,2481.81,106785357
2010-07-30,2490.27,2508.59,2478.42,2496.33,83060919
2010-08-06,2507.43,2539.53,2506.57,2511.72,115299814
2010-08-13,2511.12,2527.51,2469.09,2474.21,78174162
2010-08-20,2477.78,2504.32,2469.24,2490.69,37979230
2010-08-27,2493.21,2497.99,2448.91,2480.19,54442088
2010-09-03,2485.85,2534.67,2466.91,2534.67,119828802
2010-09-10,2539.11,2552.97,2506.83,2547.12,116665090
2010-09-17,2561.26,2585.61,2559.19,2585.58,88755379
2010-09-24,2584.5,2641.3,2581.88,2641.3,114813653
2010-10-01,2647.98,2675.7,2611.23,2665.58,260613940
2010-10-08,2672.09,2721.41,2668.1,2689.71,133254452
2010-10-15,2694.38,2720.19,2683.63,2704.18,74544004
2010-10-22,2691.26,2697.34,2657.46,2676.68,68380605
2010-10-29,2682.91,2772.87,2682.41,2768.36,141344097
2010-11-05,2765.26,2787.22,2760.82,2774.45,107014459
2010-11-12,2778.06,2816.34,2766.53,2816.34,109797926
2010-11-19,2821.81,2821.81,2711.15,2726.32,182910476
2010-11-26,2733.52,2739.06,2669.66,2682.85,142266170
2010-12-03,2690.36,2775.57,2664.58,2775.57,88250729
2010-12-10,2784.15,2790.71,2760.26,2779.93,79556942
2010-12-17,2778.75,2827.55,2774.79,2827.55,116756084
2010-12-24,2826.16,2830.75,2795.8,2807.22,123893504
2010-12-31,2809.92,2833.21,2793.96,2805.26,166656632
2011-01-07,2807.69,2853.91,2806.56,2827.36,78150251
2011-01-14,2824.52,2855.95,2795.44,2843.94,101668585
2011-01-21,2843.13,2854.28,2822.18,2848.25,88539926
2011-01-28,2846.26,2854.78,2812.69,2832.89,124115367
2011-02-04,2806.36,2888.27,2787.63,2862.14,383457174
2011-02-11,2878.97,2918.64,2834.67,2851.87,184522719
2011-02-18,2866.92,2873.79,2807.14,2813.62,111182608
2011-02-25,2823.86,2836.35,2788.88,2828.33,94107672
2011-03-04,2834.51,2904.96,2830.54,2892.23,261882029
2011-03-11,2894.71,2900.08,2837.54,2856.65,158194249
2011-03-18,2845.21,2863.23,2786.28,2845.32,218222978
2011-03-25,2860.33,2891.51,2844.75,2891.51,153794838
2011-04-01,2891.98,2925.98,2877.15,2922.59,188638602
2011-04-08,2928.34,2993.24,2919.82,2967.65,213479292
2011-04-15,2970.7,2975.28,2931.94,2954.02,206720629
2011-04-22,2950.1,2966.06,2912.43,2954.97,177461310
2011-04-29,2948.09,2958.09,2921.64,2940.02,266119334
2011-05-06,2944.18,2956.15,2919.72,2924.24,262650715
2011-05-13,2930.3,2930.99,2876.17,2888.88,243535419
2011-05-20,2877.29,2913.71,2851.71,2904.69,216326916
2011-05-27,2899.03,2937.42,2863.5,2937.42,277305678
2011-06-03,2940.68,2959.86,2924.37,2930.63,377060790
2011-06-10,2920.15,2934.93,2895.61,2896.39,227530791
2011-06-17,2895.44,2924.83,2870.86,2897.11,156347600
2011-06-24,2885.22,2888.84,2852.99,2874.16,155471311
2011-07-01,2861.26,2862.94,2802.15,2851.29,181644281
2011-07-08,2870.12,2879.54,2836.08,2863.95,225213365
2011-07-15,2862.7,2865.06,2756.77,2788.01,181435868
2011-07-22,2779.14,2779.14,2701.97,2758.77,195832889
2011-07-29,2753.58,2763.38,2710.95,2736.66,162429841
2011-08-05,2744,2760.67,2297.59,2394.64,332270513
2011-08-12,2315.38,2372.97,2054.52,2272.01,628628007
2011-08-19,2326.26,2377.98,2137.45,2221.9,359410416
2011-08-26,2223.92,2305.11,2221.07,2290.27,237950952
2011-09-02,2301.08,2422.89,2290.3,2296.4,324215375
2011-09-09,2262.12,2262.12,2179.21,2182.66,307116955
2011-09-16,2145.74,2174.2,2070.5,2162.24,517666381
2011-09-23,2152.47,2210.04,2060.62,2091.79,503030296
2011-09-30,2074.29,2195.87,2068.4,2169.48,348944135
2011-10-07,2146.39,2153.39,2088.08,2145.57,362945596
2011-10-14,2157.87,2268.21,2156.8,2260.87,649024392
2011-10-21,2268.95,2288.26,2220.15,2260.68,347894313
2011-10-28,2278.05,2340.02,2271.78,2336.33,555232309
2011-11-04,2327.74,2329.68,2226.15,2284.33,417019328
2011-11-11,2285.45,2302.7,2239.66,2253.56,368208404
2011-11-18,2281.07,2284.64,2205.4,2208.83,282710656
2011-11-25,2208.59,2208.59,2072.84,2088.69,602337026
2011-12-02,2105.64,2198.72,2091.55,2187.86,396855543
2011-12-09,2185.92,2211.26,2154.87,2174.14,401194404
2011-12-16,2174.18,2177.85,2109.27,2109.27,256515728
2011-12-23,2106.95,2161.48,2069.47,2151.77,280929666
2011-12-30,2153.39,2188.83,2134.88,2173.89,170486483
2012-01-06,2188.77,2200.06,2157.67,2159.73,414222040
2012-01-13,2167.66,2212.28,2149.92,2184.42,357481158
2012-01-20,2173.26,2258.18,2173.26,2253.98,300638422
2012-01-27,2259.12,2347.25,2251.45,2328.46,303697613
2012-02-03,2331.53,2402.94,2309.64,2402.23,1569670742
2012-02-10,2413.07,2451.6,2396.75,2409.59,640058123
2012-02-17,2415.54,2481.51,2413.99,2481.51,331876280
2012-02-24,2486.5,2490.42,2432.78,2469.36,241959559
2012-03-02,2462.31,2486.79,2447.6,2475.8,260906599
2012-03-09,2477.09,2495.65,2414.25,2483.56,425972852
2012-03-16,2484.58,2568.58,2481.76,2561.94,375029307
2012-03-23,2557.95,2570.47,2464.69,2498.55,247732399
2012-03-30,2502.12,2539.78,2488.07,2503.64,159745927
2012-04-06,2507.61,2548.8,2458.81,2476.7,105692917
2012-04-13,2463.92,2489.63,2413.97,2472.75,99622664
2012-04-20,2462.76,2473.42,2431.69,2441.8,204253776
2012-04-27,2422.86,2427.87,2358.94,2405.79,243356998
2012-05-04,2415.27,2444.6,2406.12,2423.71,49042384
2012-05-11,2405.83,2425.46,2361.22,2379.26,172544589
2012-05-18,2365.51,2365.92,2237.74,2267.37,269895416
2012-05-25,2267.45,2307.83,2242.74,2245.61,197711486
2012-06-01,2202.09,2245.21,2187.79,2204.06,312530863
2012-06-08,2199.37,2212.7,2145.01,2209.35,303550179
2012-06-15,2224.51,2256.03,2210.58,2232.02,146999771
2012-06-22,2242.2,2295.94,2235.89,2267.57,265157004
2012-06-29,2260.64,2303.69,2251.06,2300.09,181988313
2012-07-06,2320.05,2320.05,2269.91,2284.88,326048390
2012-07-13,2285.43,2294.01,2219.49,2236.82,258060431
2012-07-20,2239.47,2294.91,2236.5,2271.16,371398263
2012-07-27,2265.57,2265.57,2219.26,2262.91,240353939
2012-08-03,2258.18,2258.18,2215.66,2226.1,193717540
2012-08-10,2234.67,2267.76,2224.7,2257.22,137277727
2012-08-17,2257.89,2295.12,2254.18,2267.09,70450828
2012-08-24,2271.78,2303.62,2260.97,2278.25,322864913
2012-08-31,2270.67,2282.58,2204.59,2223.47,155353571
2012-09-07,2220.24,2266.07,2217.91,2259.98,143577316
2012-09-14,2265.9,2327.28,2262.47,2325.54,147801719
2012-09-21,2325.39,2338.86,2303.81,2321.63,265691344
2012-09-28,2332.52,2353.99,2310.98,2353.2,274933508
2012-10-05,2346.81,2406.19,2346.81,2406.19,337912199
2012-10-12,2409.42,2415.28,2384.62,2390.47,352041887
2012-10-19,2393.19,2467.05,2387.53,2421.86,441756957
2012-10-26,2420.27,2437.01,2387.65,2405.99,277306168
2012-11-02,2400.76,2412.71,2390.02,2401.32,189430049
2012-11-09,2410.42,2424.08,2387.22,2397.89,221479723
2012-11-16,2400.49,2408.26,2379.97,2383.61,251025951
2012-11-23,2387.05,2456.58,2381.92,2450,158128472
2012-11-30,2467.12,2507.42,2460.75,2507.42,204372182
2012-12-07,2499.98,2547.8,2495.33,2533.81,264468591
2012-12-14,2536.96,2589.51,2526.92,2587.03,147474795
2012-12-21,2591.69,2625.96,2563.31,2566.82,208647110
2012-12-28,2570.26,2575.72,2530.91,2552.54,106151866
2013-01-04,2560.52,2598.78,2551.75,2588.47,177951725
2013-01-11,2598.39,2612.71,2569.16,2611.26,179270401
2013-01-18,2623.1,2631.95,2574.65,2626.72,462907585
2013-01-25,2628.5,2648.74,2619.64,2642.64,387441149
2013-02-01,2645.21,2645.53,2595.36,2603.21,555236934
2013-02-08,2620.99,2630.75,2554.92,2587.53,145974390
2013-02-15,2591.26,2606.71,2553.46,2570.25,277142106
2013-02-22,2578.66,2587.09,2538.97,2577.64,181675034
2013-03-01,2581.22,2631.38,2575.9,2626.22,186516971
2013-03-08,2632.52,2683.82,2614.66,2675.88,193603143
2013-03-15,2692.93,2720.89,2671.91,2708.28,231115246
2013-03-22,2697.77,2719.9,2596.69,2596.69,146882279
2013-03-29,2605.67,2632.65,2553.03,2624.74,167111331
2013-04-05,2640.35,2643.63,2572.61,2572.61,151555764
2013-04-12,2599.95,2631.79,2571.33,2630.4,222290683
2013-04-19,2639.17,2639.17,2506.31,2522.32,89791420
2013-04-26,2510.85,2524.57,2453.4,2520.03,186417205
2013-05-03,2531.24,2556.18,2521.9,2543.6,48726622
2013-05-10,2550.54,2659.47,2549.35,2654.43,108297994
2013-05-17,2663.61,2757.62,2663.61,2751.78,155093100
2013-05-24,2756.07,2809.54,2717.15,2776.52,169467761
2013-05-31,2779.83,2841.56,2778.54,2812.75,161967556
2013-06-07,2809.65,2892.4,2786.58,2886.3,147777069
2013-06-14,2888.8,2949.15,2886.38,2942.25,141173038
2013-06-21,2944.11,2991.59,2826.99,2844.16,153669443
2013-06-28,2837.83,2840.27,2732.96,2776.93,185334644
2013-07-05,2779.25,2849.01,2775.86,2823.5,425174599
2013-07-12,2825.7,2863.6,2753.06,2859.48,139614551
2013-07-19,2861.07,2889.64,2850.49,2881.7,183696691
2013-07-26,2875.62,2929.1,2870.55,2886.24,116088049
2013-08-02,2889.7,3023.87,2882.38,3020.01,168286438
2013-08-09,3018.18,3163.87,3016.89,3163.87,135945033
2013-08-16,3165.24,3262.92,3159.63,3239.52,176178460
2013-08-23,3242.71,3242.71,3167.81,3231.44,317605202
2013-08-30,3229.8,3238.38,3079.29,3087.13,239972910
2013-09-06,3106.21,3164.91,2874.94,3043.5,421299572
2013-09-13,3064.63,3216.3,3064.63,3183.67,306239953
2013-09-20,3196.72,3229.62,3114.72,3229.62,306999227
2013-09-27,3227.99,3311.82,3191.3,3296.37,169329930
2013-10-04,3285.88,3350.87,3248.34,3322.87,241540520
2013-10-11,3317.19,3407.28,3268.5,3402.39,194701123
2013-10-18,3399.11,3528.5,3390.08,3452.12,311339099
2013-10-25,3452.9,3575.91,3452.9,3567.78,190394504
2013-11-01,3578.38,3599.26,3488.69,3488.69,147972197
2013-11-08,3503.26,3534.51,3441.22,3441.22,133856487
2013-11-15,3446.28,3480.42,3410.6,3443.49,64444408
2013-11-22,3464.6,3536.86,3461.99,3525.21,242348405
2013-11-29,3534.17,3550.91,3477.46,3509.38,204152128
2013-12-06,3511.14,3511.52,3375.28,3424.74,188945738
2013-12-13,3443.97,3468.58,3344.9,3366.43,160923875
2013-12-20,3362.71,3365.15,3245.43,3293.36,208723763
2013-12-27,3302.57,3346.3,3302.57,3327.82,55594960
2014-01-03,3331.73,3389.66,3327.45,3371.71,53916940
2014-01-10,3364.87,3364.92,3215.32,3257.46,220034686
2014-01-17,3256.65,3352.6,3256.3,3333.02,234610295
2014-01-24,3342.08,3424.05,3306.33,3361.57,301778312
2014-01-31,3329.01,3403.92,3294.96,3381.61,282790125
2014-02-07,3389.33,3504.46,3365,3488.51,262786485
2014-02-14,3495.38,3587.84,3488.99,3581.1,207326782
2014-02-21,3583.52,3595.06,3531,3558.9,248341667
2014-02-28,3570.22,3593.51,3514.9,3579.72,215910885
2014-03-07,3421.83,3540.22,3375.57,3448.09,305933635
2014-03-14,3435.76,3438.71,3187.9,3238.95,282209355
2014-03-21,3253.81,3421.98,3253.81,3395.99,131074443
2014-03-28,3409.12,3456.74,3373.39,3454.35,112597824
2014-04-04,3467.52,3550.7,3461.68,3521.73,68007757
2014-04-11,3509.24,3515.06,3468.75,3473.87,81323287
2014-04-18,3454.05,3454.05,3365.21,3385.14,48560859
2014-04-25,3401.78,3431.91,3371.98,3407.62,45916229
2014-05-02,3398.07,3456.24,3382.93,3443.28,33354382
2014-05-09,3437.39,3439.23,3293.7,3306.91,61604060
2014-05-16,3295.46,3415.72,3283.86,3372.11,88174294
2014-05-23,3381.32,3477.13,3373.11,3477.13,95397481
2014-05-30,3484.52,3498.55,3450.33,3485.53,244689244
2014-06-06,3489.09,3537.8,3457.86,3533.58,88349234
2014-06-13,3535.53,3568.68,3473.11,3488.07,56940337
2014-06-20,3450.89,3517.17,3448.24,3506.65,47844382
2014-06-27,3510.26,3514.53,3405.33,3421.01,61169731
2014-07-04,3425.62,3446.01,3308.04,3346.33,67351410
2014-07-11,3343.24,3379.94,3300.88,3348.87,42106997
2014-07-18,3359.04,3384.88,3335.3,3350.43,48502957
2014-07-25,3341.38,3390.42,3327.7,3386.03,38576397
2014-08-01,3387.15,3410.14,3258.44,3321.95,42143323
2014-08-08,3319.26,3394.99,3217.94,3246.92,41762324
2014-08-15,3272.19,3350.36,3270.66,3350.36,27262603
2014-08-22,3350.7,3423.48,3346.1,3397.39,41072776
2014-08-29,3402.81,3465.97,3370.12,3399.4,40482370
2014-09-05,3413.32,3551.83,3410.33,3540.17,51147584
2014-09-12,3542.83,3589.98,3530.02,3565.09,59453396
2014-09-19,3556.52,3710.61,3548.47,3704.54,93866717
2014-09-26,3698.06,3701.73,3600.91,3623.55,59492967
2014-10-03,3614.33,3639.74,3536.53,3573.92,49972417
2014-10-10,3589.76,3622.97,3493.73,3510.98,55507857
2014-10-17,3501.14,3516.69,3446.9,3468.82,64557963
2014-10-24,3483.07,3543.03,3463.23,3535.3,71103400
2014-10-31,3545.9,3551.28,3502.52,3551.28,46942598
2014-11-07,3548.69,3568,3535.4,3556.72,46904607
2014-11-14,3567.52,3584.04,3528.59,3544.06,45187482
2014-11-21,3535.75,3551.36,3505.6,3540.07,47450728
2014-11-28,3547.29,3573.53,3536.69,3562.59,47930755
2014-12-05,3560.66,3620.95,3541.59,3594.45,37984329
2014-12-12,3599.52,3602.19,3538.1,3540.5,49835424
2014-12-19,3535.63,3555.44,3446.79,3483.09,62927365
2014-12-26,3474.71,3506.97,3474.71,3492.43,22579894
2015-01-02,3490.59,3512.43,3457.66,3488.94,23123998
2015-01-09,3487.49,3572.44,3428.55,3569.87,21493455
2015-01-16,3565.8,3568.54,3410.84,3418.2,25236112
2015-01-23,3428.93,3516.55,3388.61,3516.55,22074546
2015-01-30,3507.9,3548.89,3496.29,3537.17,22827163
2015-02-06,3544,3560.61,3494.75,3555.54,20896843
2015-02-13,3552.09,3557.51,3515.91,3550.89,27469211
2015-02-20,3554.51,3590.12,3549.52,3577.32,32628415
2015-02-27,3590.04,3656.95,3580.03,3656.95,38235375
2015-03-06,3656.6,3750.31,3649.48,3741.92,37659254
2015-03-13,3737.95,3762.61,3724.84,3742.88,31549715
2015-03-20,3748.03,3797.21,3730.95,3788.77,31804712
2015-03-27,3797.82,3797.82,3680.93,3693.2,30171134
2015-04-03,3698.13,3737.6,3697.43,3724.22,24849284
2015-04-10,3732.98,3818.02,3723.02,3779.94,27758699
2015-04-17,3787.97,3849.3,3766.17,3816.73,26571547
2015-04-24,3823.4,3861.73,3819.05,3857.93,27161166
2015-05-01,3856.28,3889.47,3848.85,3863.71,23582858
2015-05-08,3878.02,3946.61,3869.11,3946.11,47393687
2015-05-15,3949.66,3960.96,3925.22,3938.62,35860719
2015-05-22,3941.4,3952.16,3901.84,3914.39,38638207
2015-05-29,3897.72,3898.31,3807.7,3848.57,25884529
2015-06-05,3855.36,3876.54,3806.78,3808.74,19509246
2015-06-12,3804.28,3809.24,3741.25,3761.48,25372206
2015-06-19,3747.73,3769.6,3674.14,3683.99,22193477
2015-06-26,3693.07,3793.47,3693.07,3751.62,31380730
2015-07-03,3582.81,3712.32,3579.63,3670.29,31215360
2015-07-10,3618.69,3663.28,3544.98,3656.91,24473410
2015-07-17,3684.57,3772.87,3679.36,3772.87,27234556
2015-07-24,3763.21,3787.92,3681.28,3738.32,26108572
2015-07-31,3747.14,3815,3700.63,3815,25175367
2015-08-07,3822.81,3905.41,3793.09,3810.25,36027559
2015-08-14,3816.9,3868.34,3811.56,3843.34,25351995
2015-08-21,3843.97,3857.01,3740.92,3743.03,19748434
2015-08-28,3601.08,3675.73,3466.44,3675.73,40108198
2015-09-04,3672.39,3677.34,3594.52,3612.41,30319155
2015-09-11,3612.64,3671.76,3586.58,3663.35,29715732
2015-09-18,3662.43,3685.77,3641.2,3657.87,37935359
2015-09-25,3659.5,3680.07,3555.82,3587.31,75677197
2015-10-02,3571.32,3604.38,3487.67,3556.84,70238438
2015-10-09,3569.13,3749.42,3563.97,3749.42,50579833
2015-10-16,3756.63,3769.84,3712.67,3751.06,34770484
2015-10-23,3749.49,3798.57,3727.74,3747.44,32364959
2015-10-30,3729.77,3755.4,3675.05,3681.26,24710447
2015-11-06,3688.43,3739.54,3674.41,3674.41,32805807
2015-11-13,3675.66,3691.37,3619.06,3625.24,19836358
2015-11-20,3611.84,3652.81,3574.76,3652.54,36437039
2015-11-27,3651.88,3651.88,3561.59,3633.95,22914138
2015-12-04,3635.59,3674.2,3486.88,3549.95,32926884
2015-12-11,3558.74,3574.6,3415.82,3420.68,84354930
2015-12-18,3409.71,3484.79,3350.45,3477.41,50777110
2015-12-25,3475.09,3545.95,3475.09,3540.92,16747073
2016-01-01,3546.76,3609.86,3530.16,3567.05,33194407
2016-01-08,3542.48,3542.48,3435.7,3438.13,19028599
2016-01-15,3445.26,3511.24,3384.13,3399.53,56171541
2016-01-22,3346.65,3375.12,3221.93,3262.21,40455482
2016-01-29,3284.97,3373.43,3263.36,3373.43,30465389
2016-02-05,3369.95,3442.67,3365.3,3437.99,30416793
2016-02-12,3435.22,3440.31,3294.84,3310.61,27822722
2016-02-19,3346.43,3498.63,3331.78,3413.89,31656061
2016-02-26,3424.8,3485.74,3424.8,3478.59,48120272
2016-03-04,3460.09,3526.24,3422.69,3504.6,72301041
2016-03-11,3515.79,3548.89,3489.29,3545.08,30337112
2016-03-18,3558.49,3598.12,3522.72,3574.55,31603531
2016-03-25,3570.29,3580.8,3526.6,3560.52,35566992
2016-04-01,3561.37,3612.3,3558.16,3578.65,32668466
2016-04-08,3585.51,3603.95,3489.43,3552.31,23318841
2016-04-15,3543.63,3611.9,3538.65,3600.43,24994506
2016-04-22,3595.43,3671.13,3573.78,3666.54,44136790
2016-04-29,3667.91,3669.87,3591.31,3614.33,28315987
2016-05-06,3622.23,3629.46,3524.45,3534.2,13394326
2016-05-13,3549.36,3555.71,3502.08,3510.59,19372901
2016-05-20,3515.79,3556.27,3479.35,3479.35,23992688
2016-05-27,3483.47,3573.71,3476.84,3573.71,15965819
2016-06-03,3576.49,3576.55,3395.28,3486.81,22763047
2016-06-10,3495.08,3557.56,3462.72,3497.64,14456401
2016-06-17,3472.42,3474.94,3365.82,3438.72,23090512
2016-06-24,3451.32,3523.1,3243.57,3347.12,28186125
2016-07-01,3356.62,3414.91,3312.89,3400.26,14782909
2016-07-08,3356.92,3357.68,3285.27,3345.5,10251768
2016-07-15,3359.92,3464.53,3359.92,3460.21,12678606
2016-07-22,3464.69,3572.14,3464.5,3563.85,15713180
2016-07-29,3573.61,3621.91,3573.61,3596.87,22145240
2016-08-05,3604.67,3701.06,3602.43,3701.06,27822788
2016-08-12,3698.81,3847.85,3698.81,3844.19,24166696
2016-08-19,3855.46,3858.13,3791.2,3805.38,15966009
2016-08-26,3814.26,3890.71,3807.39,3890.65,27306779
2016-09-02,3883.7,3958.93,3868.13,3915.39,30391405
2016-09-09,3922.52,4042.72,3917.54,3963.1,35038079
2016-09-16,3944.96,4040.15,3888.44,4030.93,22409331
2016-09-23,4034.65,4104.99,4012.11,4081.44,24715359
2016-09-30,4085.75,4087.75,4023.68,4030.06,22242116
2016-10-07,4029.85,4056.37,4015.69,4015.69,32787913
2016-10-14,4018.09,4055.84,3995.84,4040.07,23258560
2016-10-21,4042.73,4119.33,4037.6,4079.47,18779411
2016-10-28,4089.35,4110.58,4051.63,4073.22,25331901
2016-11-04,4071.8,4116.21,3939.97,3953.94,15980300
2016-11-11,3975.8,4052.21,3892.99,4013.9,18815477
2016-11-18,4029.09,4038.64,3890.63,3938.24,27439463
2016-11-25,3955.02,4114.38,3939.33,4094.54,28174573
2016-12-02,4102.98,4144.43,4057.32,4140.83,39924553
2016-12-09,4159.57,4237.91,4152.06,4203.58,36478144
2016-12-16,4215.56,4250.12,4160.39,4220.07,31166609
2016-12-23,4202.72,4216.1,4137.35,4165.03,26888347
2016-12-30,4167.65,4230.39,4154.94,4215.54,20463651
2017-01-06,4229.85,4236.75,4185.43,4223.36,35705674
2017-01-13,4233.58,4409.72,4220.43,4385.43,57761050
2017-01-20,4383.67,4449.28,4380.12,4443.18,52454137
2017-01-27,4440.37,4674.75,4440.37,4644.6,54814534
2017-02-03,4655.1,4675.53,4589.53,4602.96,44697261
2017-02-10,4603.75,4803.75,4590.24,4799.41,72135334
2017-02-17,4809.77,4839.35,4779.77,4790.1,62331400
2017-02-24,4801.99,4919.86,4794.98,4856.97,36993449
2017-03-03,4864.19,4961.65,4807.1,4896.16,56123174
2017-03-10,4905.68,4905.68,4722.78,4770.01,51368880
2017-03-17,4801.98,4939.01,4797.03,4893.95,36682003
2017-03-24,4903.59,4918.68,4728.75,4795.92,60591369
2017-03-31,4746.28,4818.74,4726.23,4743.66,34286930
2017-04-07,4753.2,4798.19,4725.94,4774.01,46287374
2017-04-14,4773.66,4778.98,4674.72,4678.22,28138992
2017-04-21,4691.2,4742.57,4669.3,4707.81,30871807
2017-04-28,4725.89,4884.72,4720.41,4858.05,44127383
2017-05-05,4899.66,4942.55,4859.07,4890.67,21390008
2017-05-12,4904.51,4936.66,4867.59,4872.83,46043416
2017-05-19,4875.62,4881.68,4661.16,4788.56,46023562
2017-05-26,4786.54,4873.16,4778.07,4837.35,34775324
2017-06-02,4831.5,4897.05,4782.84,4889.66,34779670
2017-06-09,4901.69,4914.91,4838.72,4875.06,25518456
2017-06-16,4859.84,4864.78,4799.16,4799.16,27743360
2017-06-23,4810.58,4898.91,4810.58,4888.14,31862819
2017-06-30,4906.55,4964.34,4875.56,4907.43,45449363
2017-07-07,4909.66,4910.26,4809.33,4820.93,19068894
2017-07-14,4826.53,4917.29,4814.22,4917.29,28614397
2017-07-21,4918.29,4945.32,4883.64,4898.31,29799534
2017-07-28,4904.9,4939.96,4886.17,4932.49,41318565
2017-08-04,4931.12,4953.73,4861.23,4868.04,80053143
2017-08-11,4877.8,4907.9,4808.45,4831.47,53604372
2017-08-18,4849.89,4879.7,4832.72,4865.55,23238621
2017-08-25,4867.74,4901.94,4844.84,4876.38,35346897
2017-09-01,4867.93,4924.4,4806.14,4909.22,47339269
2017-09-08,4903.03,4925.38,4839.34,4889.39,49574545
2017-09-15,4897.8,4953.24,4881.27,4881.27,55636062
2017-09-22,4889.64,4946.5,4882.93,4924.84,44504138
2017-09-29,4925.99,4988.02,4889.68,4988.02,46546624
2017-10-06,4985.24,4997.18,4907.48,4930.58,43697317
2017-10-13,4923.22,4997.2,4907.33,4948.61,85935715
2017-10-20,4970.5,4974.82,4796.33,4831.82,52425274
2017-10-27,4829.01,4838.82,4717.77,4821.85,55685597
2017-11-03,4839.99,4893.45,4832.49,4848.38,45436848
2017-11-10,4852.25,4933.17,4826.4,4833.37,47173339
